"term","sumsq","df","statistic","p.value"
"(Intercept)",458970.225807583,1,11617.5788948737,1.46e-116
"fert",5510.60331787019,2,69.7429432280312,1.65e-20
"irr",2289.55032961345,1,57.9537192009916,8.45e-12
"fert:irr",79.7116163898381,2,1.00884103170027,0.368
"Residuals",4503.74438732256,114,NA,NA
